{
    "Abkhazia": "https://r74n.com/pixelflags/png/country/abkhazia.png",
    "Aerican Empire": "https://r74n.com/pixelflags/png/country/aerican_empire.png",
    "Afghanistan": "https://r74n.com/pixelflags/png/country/afghanistan.png",
    "Afghanistan (2004–2021)": "https://r74n.com/pixelflags/png/country/afghanistan_2004.png",
    "Åland Islands": "https://r74n.com/pixelflags/png/country/aland_islands.png",
    "Albania": "https://r74n.com/pixelflags/png/country/albania.png",
    "Algeria": "https://r74n.com/pixelflags/png/country/algeria.png",
    "Andorra": "https://r74n.com/pixelflags/png/country/andorra.png",
    "Angola": "https://r74n.com/pixelflags/png/country/angola.png",
    "Antigua and Barbuda": "https://r74n.com/pixelflags/png/country/antigua_and_barbuda.png",
    "Argentina": "https://r74n.com/pixelflags/png/country/argentina.png",
    "Armenia": "https://r74n.com/pixelflags/png/country/armenia.png",
    "Artsakh": "https://r74n.com/pixelflags/png/country/artsakh.png",
    "Aruba": "https://r74n.com/pixelflags/png/country/aruba.png",
    "Assyria": "https://r74n.com/pixelflags/png/country/assyria.png",
    "Australia": "https://r74n.com/pixelflags/png/country/australia.png",
    "Austria-Hungary": "https://r74n.com/pixelflags/png/country/austria_hungary.png",
    "Austria": "https://r74n.com/pixelflags/png/country/austria.png",
    "Azerbaijan": "https://r74n.com/pixelflags/png/country/azerbaijan.png",
    "Bahamas": "https://r74n.com/pixelflags/png/country/bahamas.png",
    "Bahrain": "https://r74n.com/pixelflags/png/country/bahrain.png",
    "Bangladesh": "https://r74n.com/pixelflags/png/country/bangladesh.png",
    "Barbados": "https://r74n.com/pixelflags/png/country/barbados.png",
    "Belarus": "https://r74n.com/pixelflags/png/country/belarus.png",
    "Belarusian Democratic Republic": "https://r74n.com/pixelflags/png/country/belarusian_democratic_republic.png",
    "Belgium": "https://r74n.com/pixelflags/png/country/belgium.png",
    "Belize": "https://r74n.com/pixelflags/png/country/belize.png",
    "Benin": "https://r74n.com/pixelflags/png/country/benin.png",
    "Bhutan": "https://r74n.com/pixelflags/png/country/bhutan.png",
    "Bolivia": "https://r74n.com/pixelflags/png/country/bolivia.png",
    "Bosnia and Herzegovina": "https://r74n.com/pixelflags/png/country/bosnia_and_herzegovina.png",
    "Botswana": "https://r74n.com/pixelflags/png/country/botswana.png",
    "Bougainville": "https://r74n.com/pixelflags/png/country/bougainville.png",
    "Brazil": "https://r74n.com/pixelflags/png/country/brazil.png",
    "Brunei": "https://r74n.com/pixelflags/png/country/brunei.png",
    "Bulgaria": "https://r74n.com/pixelflags/png/country/bulgaria.png",
    "Burkina Faso": "https://r74n.com/pixelflags/png/country/burkina_faso.png",
    "Burundi": "https://r74n.com/pixelflags/png/country/burundi.png",
    "Cambodia": "https://r74n.com/pixelflags/png/country/cambodia.png",
    "Cameroon": "https://r74n.com/pixelflags/png/country/cameroon.png",
    "Canada": "https://r74n.com/pixelflags/png/country/canada.png",
    "Cape Verde": "https://r74n.com/pixelflags/png/country/cape_verde.png",
    "Cascadia": "https://r74n.com/pixelflags/png/country/cascadia.png",
    "Central African Republic": "https://r74n.com/pixelflags/png/country/central_african_republic.png",
    "Chad": "https://r74n.com/pixelflags/png/country/chad.png",
    "Chile": "https://r74n.com/pixelflags/png/country/chile.png",
    "China": "https://r74n.com/pixelflags/png/country/china.png",
    "China (1912)": "https://r74n.com/pixelflags/png/country/china_1912.png",
    "Colombia": "https://r74n.com/pixelflags/png/country/colombia.png",
    "Comoros": "https://r74n.com/pixelflags/png/country/comoros.png",
    "Cook Islands": "https://r74n.com/pixelflags/png/country/cook_islands.png",
    "Costa Rica": "https://r74n.com/pixelflags/png/country/costa_rica.png",
    "Côte d'Ivoire": "https://r74n.com/pixelflags/png/country/cote_divoire.png",
    "Croatia": "https://r74n.com/pixelflags/png/country/croatia.png",
    "Cuba": "https://r74n.com/pixelflags/png/country/cuba.png",
    "Curaçao": "https://r74n.com/pixelflags/png/country/curacao.png",
    "Cyprus": "https://r74n.com/pixelflags/png/country/cyprus.png",
    "Czechia": "https://r74n.com/pixelflags/png/country/czechia.png",
    "Denmark": "https://r74n.com/pixelflags/png/country/denmark.png",
    "Djibouti": "https://r74n.com/pixelflags/png/country/djibouti.png",
    "Dominica": "https://r74n.com/pixelflags/png/country/dominica.png",
    "Dominican Republic": "https://r74n.com/pixelflags/png/country/dominican_republic.png",
    "Donetsk People's Republic": "https://r74n.com/pixelflags/png/country/donetsk_peoples_republic.png",
    "the Democratic Republic of the Congo": "https://r74n.com/pixelflags/png/country/dr_congo.png",
    "Ecuador": "https://r74n.com/pixelflags/png/country/ecuador.png",
    "Egypt": "https://r74n.com/pixelflags/png/country/egypt.png",
    "El Salvador": "https://r74n.com/pixelflags/png/country/el_salvador.png",
    "Equatorial Guinea": "https://r74n.com/pixelflags/png/country/equatorial_guinea.png",
    "Eritrea": "https://r74n.com/pixelflags/png/country/eritrea.png",
    "Estonia": "https://r74n.com/pixelflags/png/country/estonia.png",
    "Ethiopia": "https://r74n.com/pixelflags/png/country/ethiopia.png",
    "Faroe Islands": "https://r74n.com/pixelflags/png/country/faroe_islands.png",
    "Fiji": "https://r74n.com/pixelflags/png/country/fiji.png",
    "Finland": "https://r74n.com/pixelflags/png/country/finland.png",
    "France": "https://r74n.com/pixelflags/png/country/france.png",
    "French Polynesia": "https://r74n.com/pixelflags/png/country/french_polynesia.png",
    "Gabon": "https://r74n.com/pixelflags/png/country/gabon.png",
    "the Gambia": "https://r74n.com/pixelflags/png/country/gambia.png",
    "Georgia": "https://r74n.com/pixelflags/png/subdivision/georgia.png",
    "German Empire": "https://r74n.com/pixelflags/png/country/german_empire.png",
    "Germany": "https://r74n.com/pixelflags/png/country/germany.png",
    "Ghana": "https://r74n.com/pixelflags/png/country/ghana.png",
    "Greece": "https://r74n.com/pixelflags/png/country/greece.png",
    "Greenland": "https://r74n.com/pixelflags/png/country/greenland.png",
    "Grenada": "https://r74n.com/pixelflags/png/country/grenada.png",
    "Guatemala": "https://r74n.com/pixelflags/png/country/guatemala.png",
    "Guernsey": "https://r74n.com/pixelflags/png/country/guernsey.png",
    "Guinea-Bissau": "https://r74n.com/pixelflags/png/country/guinea_bissau.png",
    "Guinea": "https://r74n.com/pixelflags/png/country/guinea.png",
    "Guyana": "https://r74n.com/pixelflags/png/country/guyana.png",
    "the Habsburg Monarchy": "https://r74n.com/pixelflags/png/country/habsburg_monarchy.png",
    "Haiti": "https://r74n.com/pixelflags/png/country/haiti.png",
    "Honduras": "https://r74n.com/pixelflags/png/country/honduras.png",
    "Hong Kong": "https://r74n.com/pixelflags/png/country/hong_kong.png",
    "Hungary": "https://r74n.com/pixelflags/png/country/hungary.png",
    "Iceland": "https://r74n.com/pixelflags/png/country/iceland.png",
    "India": "https://r74n.com/pixelflags/png/country/india.png",
    "Indonesia": "https://r74n.com/pixelflags/png/country/indonesia.png",
    "Iran": "https://r74n.com/pixelflags/png/country/iran.png",
    "Iran (1964–1980)": "https://r74n.com/pixelflags/png/country/iran_1964.png",
    "Iraq": "https://r74n.com/pixelflags/png/country/iraq.png",
    "Iraq (1959–1963)": "https://r74n.com/pixelflags/png/country/iraq_1959.png",
    "Ireland": "https://r74n.com/pixelflags/png/country/ireland.png",
    "Isle of Man": "https://r74n.com/pixelflags/png/country/isle_of_man.png",
    "Israel": "https://r74n.com/pixelflags/png/country/israel.png",
    "Italy": "https://r74n.com/pixelflags/png/country/italy.png",
    "Jamaica": "https://r74n.com/pixelflags/png/country/jamaica.png",
    "Japan": "https://r74n.com/pixelflags/png/country/japan.png",
    "Jersey": "https://r74n.com/pixelflags/png/country/jersey.png",
    "Jordan": "https://r74n.com/pixelflags/png/country/jordan.png",
    "Kazakhstan": "https://r74n.com/pixelflags/png/country/kazakhstan.png",
    "Kenya": "https://r74n.com/pixelflags/png/country/kenya.png",
    "Kiribati": "https://r74n.com/pixelflags/png/country/kiribati.png",
    "Kosovo": "https://r74n.com/pixelflags/png/country/kosovo.png",
    "Kuwait": "https://r74n.com/pixelflags/png/country/kuwait.png",
    "Kyrgyzstan": "https://r74n.com/pixelflags/png/country/kyrgyzstan.png",
    "Kyrgyzstan (1992–2023)": "https://r74n.com/pixelflags/png/country/kyrgyzstan_1992.png",
    "Laos": "https://r74n.com/pixelflags/png/country/laos.png",
    "Latvia": "https://r74n.com/pixelflags/png/country/latvia.png",
    "Lebanon": "https://r74n.com/pixelflags/png/country/lebanon.png",
    "Lesotho": "https://r74n.com/pixelflags/png/country/lesotho.png",
    "Liberia": "https://r74n.com/pixelflags/png/country/liberia.png",
    "Libya": "https://r74n.com/pixelflags/png/country/libya.png",
    "Liechtenstein": "https://r74n.com/pixelflags/png/country/liechtenstein.png",
    "Lithuania": "https://r74n.com/pixelflags/png/country/lithuania.png",
    "Lugansk People's Republic": "https://r74n.com/pixelflags/png/country/lugansk_peoples_republic.png",
    "Luxembourg": "https://r74n.com/pixelflags/png/country/luxembourg.png",
    "Madagascar": "https://r74n.com/pixelflags/png/country/madagascar.png",
    "Malawi": "https://r74n.com/pixelflags/png/country/malawi.png",
    "Malaysia": "https://r74n.com/pixelflags/png/country/malaysia.png",
    "Maldives": "https://r74n.com/pixelflags/png/country/maldives.png",
    "Mali": "https://r74n.com/pixelflags/png/country/mali.png",
    "Malta": "https://r74n.com/pixelflags/png/country/malta.png",
    "Manchukuo": "https://r74n.com/pixelflags/png/country/manchukuo.png",
    "Marshall Islands": "https://r74n.com/pixelflags/png/country/marshall_islands.png",
    "Mauritania": "https://r74n.com/pixelflags/png/country/mauritania.png",
    "Mauritius": "https://r74n.com/pixelflags/png/country/mauritius.png",
    "Mexico": "https://r74n.com/pixelflags/png/country/mexico.png",
    "Micronesia": "https://r74n.com/pixelflags/png/country/micronesia.png",
    "Moldova": "https://r74n.com/pixelflags/png/country/moldova.png",
    "Molossia": "https://r74n.com/pixelflags/png/country/molossia.png",
    "Monaco": "https://r74n.com/pixelflags/png/country/monaco.png",
    "Mongolia": "https://r74n.com/pixelflags/png/country/mongolia.png",
    "Montenegro": "https://r74n.com/pixelflags/png/country/montenegro.png",
    "Morocco": "https://r74n.com/pixelflags/png/country/morocco.png",
    "Mozambique": "https://r74n.com/pixelflags/png/country/mozambique.png",
    "Myanmar": "https://r74n.com/pixelflags/png/country/myanmar.png",
    "Namibia": "https://r74n.com/pixelflags/png/country/namibia.png",
    "Nauru": "https://r74n.com/pixelflags/png/country/nauru.png",
    "Navajo Nation": "https://r74n.com/pixelflags/png/country/navajo_nation.png",
    "Nepal": "https://r74n.com/pixelflags/png/country/nepal.png",
    "the Netherlands Antilles": "https://r74n.com/pixelflags/png/country/netherlands_antilles.png",
    "Netherlands": "https://r74n.com/pixelflags/png/country/netherlands.png",
    "New Afrika": "https://r74n.com/pixelflags/png/country/new_afrika.png",
    "New Zealand": "https://r74n.com/pixelflags/png/country/new_zealand.png",
    "Nicaragua": "https://r74n.com/pixelflags/png/country/nicaragua.png",
    "Niger": "https://r74n.com/pixelflags/png/country/niger.png",
    "Nigeria": "https://r74n.com/pixelflags/png/country/nigeria.png",
    "Niue": "https://r74n.com/pixelflags/png/country/niue.png",
    "North Korea": "https://r74n.com/pixelflags/png/country/north_korea.png",
    "North Macedonia": "https://r74n.com/pixelflags/png/country/north_macedonia.png",
    "Northern Cyprus": "https://r74n.com/pixelflags/png/country/northern_cyprus.png",
    "Norway": "https://r74n.com/pixelflags/png/country/norway.png",
    "Oman": "https://r74n.com/pixelflags/png/country/oman.png",
    "Pakistan": "https://r74n.com/pixelflags/png/country/pakistan.png",
    "Palau": "https://r74n.com/pixelflags/png/country/palau.png",
    "Palestine": "https://r74n.com/pixelflags/png/country/palestine.png",
    "Panama": "https://r74n.com/pixelflags/png/country/panama.png",
    "Papua New Guinea": "https://r74n.com/pixelflags/png/country/papua_new_guinea.png",
    "Paraguay": "https://r74n.com/pixelflags/png/country/paraguay.png",
    "Paraguay (Back)": "https://r74n.com/pixelflags/png/country/paraguay_back.png",
    "Peru": "https://r74n.com/pixelflags/png/country/peru.png",
    "Philippines": "https://r74n.com/pixelflags/png/country/philippines.png",
    "Poland": "https://r74n.com/pixelflags/png/country/poland.png",
    "Portugal": "https://r74n.com/pixelflags/png/country/portugal.png",
    "Prussia": "https://r74n.com/pixelflags/png/country/prussia.png",
    "Puntland": "https://r74n.com/pixelflags/png/country/puntland.png",
    "Qatar": "https://r74n.com/pixelflags/png/country/qatar.png",
    "Republic of The Congo": "https://r74n.com/pixelflags/png/country/republic_of_the_congo.png",
    "the Roman Empire": "https://r74n.com/pixelflags/png/country/roman_empire.png",
    "Romania": "https://r74n.com/pixelflags/png/country/romania.png",
    "Russia": "https://r74n.com/pixelflags/png/country/russia.png",
    "Russian Empire": "https://r74n.com/pixelflags/png/country/russian_empire.png",
    "Rwanda": "https://r74n.com/pixelflags/png/country/rwanda.png",
    "Saint Kitts and Nevis": "https://r74n.com/pixelflags/png/country/saint_kitts_and_nevis.png",
    "Saint Lucia": "https://r74n.com/pixelflags/png/country/saint_lucia.png",
    "Saint Martin": "https://r74n.com/pixelflags/png/country/saint_martin.png",
    "Saint Vincent and The Grenadines": "https://r74n.com/pixelflags/png/country/saint_vincent_and_the_grenadines.png",
    "Samoa": "https://r74n.com/pixelflags/png/country/samoa.png",
    "San Marino": "https://r74n.com/pixelflags/png/country/san_marino.png",
    "São Tomé and Príncipe": "https://r74n.com/pixelflags/png/country/sao_tome_and_principe.png",
    "Saudi Arabia": "https://r74n.com/pixelflags/png/country/saudi_arabia.png",
    "the Principality of Sealand": "https://r74n.com/pixelflags/png/country/sealand.png",
    "Second Spanish Republic": "https://r74n.com/pixelflags/png/country/second_spanish_republic.png",
    "Senegal": "https://r74n.com/pixelflags/png/country/senegal.png",
    "Serbia": "https://r74n.com/pixelflags/png/country/serbia.png",
    "Seychelles": "https://r74n.com/pixelflags/png/country/seychelles.png",
    "Sierra Leone": "https://r74n.com/pixelflags/png/country/sierra_leone.png",
    "Singapore": "https://r74n.com/pixelflags/png/country/singapore.png",
    "Sint Maarten": "https://r74n.com/pixelflags/png/country/sint_maarten.png",
    "Slovakia": "https://r74n.com/pixelflags/png/country/slovakia.png",
    "Slovenia": "https://r74n.com/pixelflags/png/country/slovenia.png",
    "Solomon Islands": "https://r74n.com/pixelflags/png/country/solomon_islands.png",
    "Somalia": "https://r74n.com/pixelflags/png/country/somalia.png",
    "Somaliland": "https://r74n.com/pixelflags/png/country/somaliland.png",
    "South Africa": "https://r74n.com/pixelflags/png/country/south_africa.png",
    "South Korea": "https://r74n.com/pixelflags/png/country/south_korea.png",
    "South Ossetia": "https://r74n.com/pixelflags/png/country/south_ossetia.png",
    "South Sudan": "https://r74n.com/pixelflags/png/country/south_sudan.png",
    "South Sudan (2011–2023)": "https://r74n.com/pixelflags/png/country/south_sudan_2011.png",
    "South Vietnam": "https://r74n.com/pixelflags/png/country/south_vietnam.png",
    "South Yemen": "https://r74n.com/pixelflags/png/country/south_yemen.png",
    "the Soviet Union": "https://r74n.com/pixelflags/png/country/soviet_union.png",
    "Spain": "https://r74n.com/pixelflags/png/country/spain.png",
    "Sri Lanka": "https://r74n.com/pixelflags/png/country/sri_lanka.png",
    "Sudan": "https://r74n.com/pixelflags/png/country/sudan.png",
    "Suriname": "https://r74n.com/pixelflags/png/country/suriname.png",
    "Eswatini": "https://r74n.com/pixelflags/png/country/swaziland.png",
    "Sweden": "https://r74n.com/pixelflags/png/country/sweden.png",
    "Switzerland": "https://r74n.com/pixelflags/png/country/switzerland.png",
    "Syria": "https://r74n.com/pixelflags/png/country/syria.png",
    "Syria (1980–2024)": "https://r74n.com/pixelflags/png/country/syria_1980.png",
    "Taiwan": "https://r74n.com/pixelflags/png/country/taiwan.png",
    "Tajikistan": "https://r74n.com/pixelflags/png/country/tajikistan.png",
    "Tanzania": "https://r74n.com/pixelflags/png/country/tanzania.png",
    "Thailand": "https://r74n.com/pixelflags/png/country/thailand.png",
    "Timor-Leste": "https://r74n.com/pixelflags/png/country/timor_leste.png",
    "Togo": "https://r74n.com/pixelflags/png/country/togo.png",
    "Tokelau": "https://r74n.com/pixelflags/png/country/tokelau.png",
    "Tonga": "https://r74n.com/pixelflags/png/country/tonga.png",
    "Transnitria": "https://r74n.com/pixelflags/png/country/transnistria.png",
    "Trieste": "https://r74n.com/pixelflags/png/country/trieste.png",
    "Trinidad and Tobago": "https://r74n.com/pixelflags/png/country/trinidad_and_tobago.png",
    "Tunisia": "https://r74n.com/pixelflags/png/country/tunisia.png",
    "Turkey": "https://r74n.com/pixelflags/png/country/turkey.png",
    "Turkmenistan": "https://r74n.com/pixelflags/png/country/turkmenistan.png",
    "Tuvalu": "https://r74n.com/pixelflags/png/country/tuvalu.png",
    "Uganda": "https://r74n.com/pixelflags/png/country/uganda.png",
    "the Ukraine": "https://r74n.com/pixelflags/png/country/ukraine.png",
    "the United Arab Emirates": "https://r74n.com/pixelflags/png/country/united_arab_emirates.png",
    "the United Kingdom": "https://r74n.com/pixelflags/png/country/united_kingdom.png",
    "United Kingdom (1606)": "https://r74n.com/pixelflags/png/country/united_kingdom_1606.png",
    "the United States": "https://r74n.com/pixelflags/png/country/united_states.png",
    "the United States (13 Colonies)": "https://r74n.com/pixelflags/png/country/united_states_13_colonies.png",
    "Upper Volta": "https://r74n.com/pixelflags/png/country/upper_volta.png",
    "Uruguay": "https://r74n.com/pixelflags/png/country/uruguay.png",
    "Uzbekistan": "https://r74n.com/pixelflags/png/country/uzbekistan.png",
    "Vanuatu": "https://r74n.com/pixelflags/png/country/vanuatu.png",
    "Vatican City (Wrong)": "https://r74n.com/pixelflags/png/country/vatican_city_wrong.png",
    "Vatican City": "https://r74n.com/pixelflags/png/country/vatican_city.png",
    "Venezuela": "https://r74n.com/pixelflags/png/country/venezuela.png",
    "Vietnam": "https://r74n.com/pixelflags/png/country/vietnam.png",
    "Xinjiang": "https://r74n.com/pixelflags/png/country/xinjiang.png",
    "Yemen": "https://r74n.com/pixelflags/png/country/yemen.png",
    "Yugoslavia": "https://r74n.com/pixelflags/png/country/yugoslavia.png",
    "Zaire": "https://r74n.com/pixelflags/png/country/zaire.png",
    "Zambia": "https://r74n.com/pixelflags/png/country/zambia.png",
    "Zimbabwe": "https://r74n.com/pixelflags/png/country/zimbabwe.png",
    "Amsterdam": "https://r74n.com/pixelflags/png/subdivision/amsterdam.png",
    "Anguilla": "https://r74n.com/pixelflags/png/subdivision/anguilla.png",
    "Australian Aboriginal Flag": "https://r74n.com/pixelflags/png/subdivision/australian_aboriginal.png",
    "Basque": "https://r74n.com/pixelflags/png/subdivision/basque.png",
    "Bavaria": "https://r74n.com/pixelflags/png/subdivision/bavaria.png",
    "Berber Flag": "https://r74n.com/pixelflags/png/subdivision/berber.png",
    "Bermuda": "https://r74n.com/pixelflags/png/subdivision/bermuda.png",
    "Bouvet Island": "https://r74n.com/pixelflags/png/subdivision/bouvet_island.png",
    "British Indian Ocean Territory": "https://r74n.com/pixelflags/png/subdivision/british_indian_ocean_territory.png",
    "British Virgin Islands": "https://r74n.com/pixelflags/png/subdivision/british_virgin_islands.png",
    "Brittany": "https://r74n.com/pixelflags/png/subdivision/brittany.png",
    "Canary Islands": "https://r74n.com/pixelflags/png/subdivision/canary_islands.png",
    "Caribbean Netherlands": "https://r74n.com/pixelflags/png/subdivision/caribbean_netherlands.png",
    "Catalonia": "https://r74n.com/pixelflags/png/subdivision/catalonia.png",
    "Cayman Islands": "https://r74n.com/pixelflags/png/subdivision/cayman_islands.png",
    "Chicago": "https://r74n.com/pixelflags/png/subdivision/chicago.png",
    "Christmas Island": "https://r74n.com/pixelflags/png/subdivision/christmas_island.png",
    "Cocos Islands": "https://r74n.com/pixelflags/png/subdivision/cocos_islands.png",
    "Cornwall": "https://r74n.com/pixelflags/png/subdivision/cornwall.png",
    "Corsica": "https://r74n.com/pixelflags/png/subdivision/corsica.png",
    "England": "https://r74n.com/pixelflags/png/subdivision/england.png",
    "Falkland Islands": "https://r74n.com/pixelflags/png/subdivision/falkland_islands.png",
    "French Guiana": "https://r74n.com/pixelflags/png/subdivision/french_guiana.png",
    "French Southern and Antarctic Lands": "https://r74n.com/pixelflags/png/subdivision/french_southern_and_antarctic_lands.png",
    "Friesland": "https://r74n.com/pixelflags/png/subdivision/friesland.png",
    "Gibraltar": "https://r74n.com/pixelflags/png/subdivision/gibraltar.png",
    "Guadeloupe": "https://r74n.com/pixelflags/png/subdivision/guadeloupe.png",
    "Heard Island and Mcdonald Islands": "https://r74n.com/pixelflags/png/subdivision/heard_island_and_mcdonald_islands.png",
    "Kurdistan": "https://r74n.com/pixelflags/png/subdivision/kurdistan.png",
    "Macau": "https://r74n.com/pixelflags/png/subdivision/macau.png",
    "Martinique (Snake)": "https://r74n.com/pixelflags/png/subdivision/martinique_snake.png",
    "Martinique": "https://r74n.com/pixelflags/png/subdivision/martinique.png",
    "Mayotte": "https://r74n.com/pixelflags/png/subdivision/mayotte.png",
    "Montserrat": "https://r74n.com/pixelflags/png/subdivision/montserrat.png",
    "New Caledonia": "https://r74n.com/pixelflags/png/subdivision/new_caledonia.png",
    "Norfolk Island": "https://r74n.com/pixelflags/png/subdivision/norfolk_island.png",
    "Northern Ireland": "https://r74n.com/pixelflags/png/subdivision/northern_ireland.png",
    "Northern Mariana Islands": "https://r74n.com/pixelflags/png/subdivision/northern_mariana_islands.png",
    "Pitcairn Islands": "https://r74n.com/pixelflags/png/subdivision/pitcairn_islands.png",
    "Quebec": "https://r74n.com/pixelflags/png/subdivision/quebec.png",
    "Réunion": "https://r74n.com/pixelflags/png/subdivision/reunion.png",
    "Rome": "https://r74n.com/pixelflags/png/subdivision/rome.png",
    "Saint Barthélemy": "https://r74n.com/pixelflags/png/subdivision/saint_barthelemy.png",
    "Saint Helena, Ascension and Tristan Da Cunha": "https://r74n.com/pixelflags/png/subdivision/saint_helena_ascension_and_tristan_da_cunha.png",
    "Saint Pierre and Miquelon": "https://r74n.com/pixelflags/png/subdivision/saint_pierre_and_miquelon.png",
    "Sámi Flag": "https://r74n.com/pixelflags/png/subdivision/sami.png",
    "Sardinia": "https://r74n.com/pixelflags/png/subdivision/sardinia.png",
    "Sark": "https://r74n.com/pixelflags/png/subdivision/sark.png",
    "Scotland": "https://r74n.com/pixelflags/png/subdivision/scotland.png",
    "Sicily": "https://r74n.com/pixelflags/png/subdivision/sicily.png",
    "South Georgia": "https://r74n.com/pixelflags/png/subdivision/south_georgia.png",
    "Svalbard and Jan Mayen": "https://r74n.com/pixelflags/png/subdivision/svalbard_and_jan_mayen.png",
    "Tibet": "https://r74n.com/pixelflags/png/subdivision/tibet.png",
    "Tigray": "https://r74n.com/pixelflags/png/subdivision/tigray.png",
    "Turks and Caicos Islands": "https://r74n.com/pixelflags/png/subdivision/turks_and_caicos_islands.png",
    "Wales": "https://r74n.com/pixelflags/png/subdivision/wales.png",
    "Wallis and Futuna": "https://r74n.com/pixelflags/png/subdivision/wallis_and_futuna.png",
    "Western Sahara": "https://r74n.com/pixelflags/png/subdivision/western_sahara.png",
    "Yucatán": "https://r74n.com/pixelflags/png/subdivision/yucatan.png",
    "Alabama": "https://r74n.com/pixelflags/png/subdivision/alabama.png",
    "Alaska": "https://r74n.com/pixelflags/png/subdivision/alaska.png",
    "American Samoa": "https://r74n.com/pixelflags/png/subdivision/american_samoa.png",
    "Arizona": "https://r74n.com/pixelflags/png/subdivision/arizona.png",
    "Arkansas": "https://r74n.com/pixelflags/png/subdivision/arkansas.png",
    "California": "https://r74n.com/pixelflags/png/subdivision/california.png",
    "Colorado": "https://r74n.com/pixelflags/png/subdivision/colorado.png",
    "Connecticut": "https://r74n.com/pixelflags/png/subdivision/connecticut.png",
    "Delaware": "https://r74n.com/pixelflags/png/subdivision/delaware.png",
    "Florida": "https://r74n.com/pixelflags/png/subdivision/florida.png",
    "Guam": "https://r74n.com/pixelflags/png/subdivision/guam.png",
    "Hawaii (Kanaka Maoli)": "https://r74n.com/pixelflags/png/subdivision/hawaii_kanaka_maoli.png",
    "Hawaii": "https://r74n.com/pixelflags/png/subdivision/hawaii.png",
    "Idaho": "https://r74n.com/pixelflags/png/subdivision/idaho.png",
    "Illinois": "https://r74n.com/pixelflags/png/subdivision/illinois.png",
    "Indiana": "https://r74n.com/pixelflags/png/subdivision/indiana.png",
    "Iowa": "https://r74n.com/pixelflags/png/subdivision/iowa.png",
    "Kansas": "https://r74n.com/pixelflags/png/subdivision/kansas.png",
    "Kentucky": "https://r74n.com/pixelflags/png/subdivision/kentucky.png",
    "Louisiana": "https://r74n.com/pixelflags/png/subdivision/louisiana.png",
    "Maine": "https://r74n.com/pixelflags/png/subdivision/maine.png",
    "Maryland": "https://r74n.com/pixelflags/png/subdivision/maryland.png",
    "Massachusetts": "https://r74n.com/pixelflags/png/subdivision/massachusetts.png",
    "Michigan": "https://r74n.com/pixelflags/png/subdivision/michigan.png",
    "Minnesota": "https://r74n.com/pixelflags/png/subdivision/minnesota.png",
    "Minnesota (1983–2024)": "https://r74n.com/pixelflags/png/subdivision/minnesota_1983.png",
    "Mississippi": "https://r74n.com/pixelflags/png/subdivision/mississippi.png",
    "Missouri": "https://r74n.com/pixelflags/png/subdivision/missouri.png",
    "Montana": "https://r74n.com/pixelflags/png/subdivision/montana.png",
    "Nebraska": "https://r74n.com/pixelflags/png/subdivision/nebraska.png",
    "Nevada": "https://r74n.com/pixelflags/png/subdivision/nevada.png",
    "New Hampshire": "https://r74n.com/pixelflags/png/subdivision/new_hampshire.png",
    "New Jersey": "https://r74n.com/pixelflags/png/subdivision/new_jersey.png",
    "New Mexico": "https://r74n.com/pixelflags/png/subdivision/new_mexico.png",
    "New York": "https://r74n.com/pixelflags/png/subdivision/new_york.png",
    "North Carolina": "https://r74n.com/pixelflags/png/subdivision/north_carolina.png",
    "North Dakota": "https://r74n.com/pixelflags/png/subdivision/north_dakota.png",
    "Ohio": "https://r74n.com/pixelflags/png/subdivision/ohio.png",
    "Oklahoma": "https://r74n.com/pixelflags/png/subdivision/oklahoma.png",
    "Oregon (Back)": "https://r74n.com/pixelflags/png/subdivision/oregon_back.png",
    "Oregon": "https://r74n.com/pixelflags/png/subdivision/oregon.png",
    "Pennsylvania": "https://r74n.com/pixelflags/png/subdivision/pennsylvania.png",
    "Puerto Rico": "https://r74n.com/pixelflags/png/subdivision/puerto_rico.png",
    "Rhode Island": "https://r74n.com/pixelflags/png/subdivision/rhode_island.png",
    "South Carolina": "https://r74n.com/pixelflags/png/subdivision/south_carolina.png",
    "South Dakota": "https://r74n.com/pixelflags/png/subdivision/south_dakota.png",
    "Tennessee": "https://r74n.com/pixelflags/png/subdivision/tennessee.png",
    "Texas": "https://r74n.com/pixelflags/png/subdivision/texas.png",
    "US Minor Outlying Islands": "https://r74n.com/pixelflags/png/subdivision/us_minor_outlying_islands.png",
    "US Virgin Islands": "https://r74n.com/pixelflags/png/subdivision/us_virgin_islands.png",
    "Utah": "https://r74n.com/pixelflags/png/subdivision/utah.png",
    "Utah (2011–2024)": "https://r74n.com/pixelflags/png/subdivision/utah_2011.png",
    "Vermont": "https://r74n.com/pixelflags/png/subdivision/vermont.png",
    "Virginia": "https://r74n.com/pixelflags/png/subdivision/virginia.png",
    "Washington, D.C.": "https://r74n.com/pixelflags/png/subdivision/washington_dc.png",
    "Washington": "https://r74n.com/pixelflags/png/subdivision/washington.png",
    "West Virginia": "https://r74n.com/pixelflags/png/subdivision/west_virginia.png",
    "Wisconsin": "https://r74n.com/pixelflags/png/subdivision/wisconsin.png",
    "Wyoming": "https://r74n.com/pixelflags/png/subdivision/wyoming.png",
    "the African Union": "https://r74n.com/pixelflags/png/political/african_union.png",
    "Anarcha-Feminism Flag": "https://r74n.com/pixelflags/png/political/anarchafeminism.png",
    "Anarchism Flag": "https://r74n.com/pixelflags/png/political/anarchism.png",
    "Anarcho-Communism Flag": "https://r74n.com/pixelflags/png/political/anarchocommunism.png",
    "Anarcho-Syndicalism Flag": "https://r74n.com/pixelflags/png/political/anarchosyndicalism.png",
    "Anarcho-Transhumanism Flag": "https://r74n.com/pixelflags/png/political/anarchotranshumanism.png",
    "Antifascist Flag": "https://r74n.com/pixelflags/png/political/antifascist.png",
    "Black Anarchism Flag": "https://r74n.com/pixelflags/png/political/black_anarchism.png",
    "Egoist Anarchism Flag": "https://r74n.com/pixelflags/png/political/egoist_anarchism.png",
    "the European Union": "https://r74n.com/pixelflags/png/political/european_union.png",
    "Gadsden Flag": "https://r74n.com/pixelflags/png/political/gadsden.png",
    "Green Anarchism Flag": "https://r74n.com/pixelflags/png/political/green_anarchism.png",
    "Karen Flag": "https://r74n.com/pixelflags/png/political/karen.png",
    "the League of Nations": "https://r74n.com/pixelflags/png/political/league_of_nations.png",
    "Mutualism Flag": "https://r74n.com/pixelflags/png/political/mutualism.png",
    "NATO": "https://r74n.com/pixelflags/png/political/nato.png",
    "the Order of Malta": "https://r74n.com/pixelflags/png/political/order_of_malta.png",
    "Platformist Anarchism Flag": "https://r74n.com/pixelflags/png/political/platformist_anarchism.png",
    "POW/MIA Flag": "https://r74n.com/pixelflags/png/political/pow_mia.png",
    "Refugee Nation Flag": "https://r74n.com/pixelflags/png/political/refugee_nation.png",
    "the Royal Air Force": "https://r74n.com/pixelflags/png/political/royal_air_force.png",
    "Russian Anti-War Flag": "https://r74n.com/pixelflags/png/political/russian_antiwar.png",
    "Russian Camo Flag": "https://r74n.com/pixelflags/png/political/russia_camo.png",
    "Solarpunk Anarchism Flag": "https://r74n.com/pixelflags/png/political/solarpunk_anarchism.png",
    "Suffragette Flag": "https://r74n.com/pixelflags/png/political/suffragette.png",
    "Synthesis Anarchism Flag": "https://r74n.com/pixelflags/png/political/synthesis_anarchism.png",
    "the United Nations": "https://r74n.com/pixelflags/png/political/united_nations.png",
    "the United States (Black and White)": "https://r74n.com/pixelflags/png/political/united_states_bw.png",
    "United States First Responders Flag": "https://r74n.com/pixelflags/png/political/united_states_first_responders.png",
    "United States Red Line Flag": "https://r74n.com/pixelflags/png/political/united_states_red_line.png",
    "United States Tattered Flag": "https://r74n.com/pixelflags/png/political/united_states_tattered.png",
    "United States Upside Down Flag": "https://r74n.com/pixelflags/png/political/united_states_upside_down.png",
    "Vegan Anarchism Flag": "https://r74n.com/pixelflags/png/political/vegan_anarchism.png",
    "Women's Rights Flag": "https://r74n.com/pixelflags/png/political/womens_rights.png",
    "A-Spec Pride Flag": "https://r74n.com/pixelflags/png/pride/a_spec.png",
    "Abroromantic Pride Flag": "https://r74n.com/pixelflags/png/pride/abroromantic.png",
    "Abrosexual Pride Flag": "https://r74n.com/pixelflags/png/pride/abrosexual.png",
    "Achillean Pride Flag": "https://r74n.com/pixelflags/png/pride/achillean.png",
    "Aegosexual Pride Flag": "https://r74n.com/pixelflags/png/pride/aegosexual.png",
    "Agender Pride Flag": "https://r74n.com/pixelflags/png/pride/agender.png",
    "Alloromantic Asexual Pride Flag": "https://r74n.com/pixelflags/png/pride/alloromantic_asexual.png",
    "Alloromantic Pride Flag": "https://r74n.com/pixelflags/png/pride/alloromantic.png",
    "Allosexual Pride Flag": "https://r74n.com/pixelflags/png/pride/allosexual.png",
    "Allosexual (2) Pride Flag": "https://r74n.com/pixelflags/png/pride/allosexual2.png",
    "Anarcha Queer Pride Flag": "https://r74n.com/pixelflags/png/pride/anarcha_queer.png",
    "Androgyne Pride Flag": "https://r74n.com/pixelflags/png/pride/androgyne.png",
    "Androgyne (2) Pride Flag": "https://r74n.com/pixelflags/png/pride/androgyne2.png",
    "Androgyne (3) Pride Flag": "https://r74n.com/pixelflags/png/pride/androgyne3.png",
    "Androsexual Pride Flag": "https://r74n.com/pixelflags/png/pride/androsexual.png",
    "Aporagender Pride Flag": "https://r74n.com/pixelflags/png/pride/aporagender.png",
    "Archaeopronoun Pride Flag": "https://r74n.com/pixelflags/png/pride/archaeopronoun.png",
    "Aroace Pride Flag": "https://r74n.com/pixelflags/png/pride/aroace.png",
    "Aromantic Allosexual Pride Flag": "https://r74n.com/pixelflags/png/pride/aromantic_allosexual.png",
    "Aromantic Pride Flag": "https://r74n.com/pixelflags/png/pride/aromantic.png",
    "Asexual Pride Flag": "https://r74n.com/pixelflags/png/pride/asexual.png",
    "Autigender Pride Flag": "https://r74n.com/pixelflags/png/pride/autigender.png",
    "Bear Pride Flag": "https://r74n.com/pixelflags/png/pride/bear.png",
    "Bicurious Pride Flag": "https://r74n.com/pixelflags/png/pride/bicurious.png",
    "Bigender Pride Flag": "https://r74n.com/pixelflags/png/pride/bigender.png",
    "Bigender (2) Pride Flag": "https://r74n.com/pixelflags/png/pride/bigender2.png",
    "Biromantic Pride Flag": "https://r74n.com/pixelflags/png/pride/biromantic.png",
    "Bisexual Pride Flag": "https://r74n.com/pixelflags/png/pride/bisexual.png",
    "Butch Pride Flag": "https://r74n.com/pixelflags/png/pride/butch.png",
    "Canada Rainbow Pride Flag": "https://r74n.com/pixelflags/png/pride/canada_rainbow.png",
    "Ceteroromantic Pride Flag": "https://r74n.com/pixelflags/png/pride/ceteroromantic.png",
    "Ceterosexual Pride Flag": "https://r74n.com/pixelflags/png/pride/ceterosexual.png",
    "Cisgender Ally Pride Flag": "https://r74n.com/pixelflags/png/pride/cisgender_ally.png",
    "Cisgender Pride Flag": "https://r74n.com/pixelflags/png/pride/cisgender.png",
    "Cisgender (2) Pride Flag": "https://r74n.com/pixelflags/png/pride/cisgender2.png",
    "Cupiosexual Pride Flag": "https://r74n.com/pixelflags/png/pride/cupiosexual.png",
    "Demiboy Pride Flag": "https://r74n.com/pixelflags/png/pride/demiboy.png",
    "Demigender Pride Flag": "https://r74n.com/pixelflags/png/pride/demigender.png",
    "Demigirl Pride Flag": "https://r74n.com/pixelflags/png/pride/demigirl.png",
    "Demiromantic Pride Flag": "https://r74n.com/pixelflags/png/pride/demiromantic.png",
    "Demisexual Pride Flag": "https://r74n.com/pixelflags/png/pride/demisexual.png",
    "Diamoric Pride Flag": "https://r74n.com/pixelflags/png/pride/diamoric.png",
    "Drag Pride Flag": "https://r74n.com/pixelflags/png/pride/drag.png",
    "Enbian Pride Flag": "https://r74n.com/pixelflags/png/pride/enbian.png",
    "Enbian (2) Pride Flag": "https://r74n.com/pixelflags/png/pride/enbian2.png",
    "Fa'afafine Pride Flag": "https://r74n.com/pixelflags/png/pride/faafafine.png",
    "Gadsden Rainbow Pride Flag": "https://r74n.com/pixelflags/png/pride/gadsden_rainbow.png",
    "Gay Man Pride Flag": "https://r74n.com/pixelflags/png/pride/gay_male.png",
    "Gender Questioning Pride Flag": "https://r74n.com/pixelflags/png/pride/gender_questioning.png",
    "Genderfluid Pride Flag": "https://r74n.com/pixelflags/png/pride/genderfluid.png",
    "Genderflux Pride Flag": "https://r74n.com/pixelflags/png/pride/genderflux.png",
    "Genderqueer Pride Flag": "https://r74n.com/pixelflags/png/pride/genderqueer.png",
    "Graysexual Pride Flag": "https://r74n.com/pixelflags/png/pride/graysexual.png",
    "Intersex Pride Flag": "https://r74n.com/pixelflags/png/pride/intersex.png",
    "Leather Pride Flag": "https://r74n.com/pixelflags/png/pride/leather.png",
    "Lesbian Labrys Pride Flag": "https://r74n.com/pixelflags/png/pride/lesbian_labrys.png",
    "Lesbian Lipstick Pride Flag": "https://r74n.com/pixelflags/png/pride/lesbian_lipstick.png",
    "Lesbian Lipstick (2) Pride Flag": "https://r74n.com/pixelflags/png/pride/lesbian_lipstick2.png",
    "Lesbian Pride Flag": "https://r74n.com/pixelflags/png/pride/lesbian.png",
    "Lunaric Pride Flag": "https://r74n.com/pixelflags/png/pride/lunaric.png",
    "Mercuric Rainbow Pride Flag": "https://r74n.com/pixelflags/png/pride/mercuric.png",
    "MLM Pride Flag": "https://r74n.com/pixelflags/png/pride/mlm.png",
    "Neptunic Rainbow Pride Flag": "https://r74n.com/pixelflags/png/pride/neptunic.png",
    "Neutrois Pride Flag": "https://r74n.com/pixelflags/png/pride/neutrois.png",
    "Nofinsexual Pride Flag": "https://r74n.com/pixelflags/png/pride/nofinsexual.png",
    "Nofinsexual (2) Pride Flag": "https://r74n.com/pixelflags/png/pride/nofinsexual2.png",
    "Nominsexual Pride Flag": "https://r74n.com/pixelflags/png/pride/nominsexual.png",
    "Nominsexual (2) Pride Flag": "https://r74n.com/pixelflags/png/pride/nominsexual2.png",
    "Nonbinary Pride Flag": "https://r74n.com/pixelflags/png/pride/nonbinary.png",
    "Noninsexual Pride Flag": "https://r74n.com/pixelflags/png/pride/noninsexual.png",
    "Noninsexual (2) Pride Flag": "https://r74n.com/pixelflags/png/pride/noninsexual2.png",
    "Omnisexual Pride Flag": "https://r74n.com/pixelflags/png/pride/omnisexual.png",
    "Pangender Pride Flag": "https://r74n.com/pixelflags/png/pride/pangender.png",
    "Pansexual Pride Flag": "https://r74n.com/pixelflags/png/pride/pansexual.png",
    "Howell Polyamory Pride Flag": "https://r74n.com/pixelflags/png/pride/polyamory_howell.png",
    "Polyamory Pride Flag": "https://r74n.com/pixelflags/png/pride/polyamory.png",
    "Polysexual Pride Flag": "https://r74n.com/pixelflags/png/pride/polysexual.png",
    "Pony Pride Flag": "https://r74n.com/pixelflags/png/pride/pony.png",
    "Progress Two-Spirit Pride Flag": "https://r74n.com/pixelflags/png/pride/progess_two_spirit.png",
    "Horizontal Progress Pride Flag": "https://r74n.com/pixelflags/png/pride/progress_horizontal.png",
    "Progress Intersex Pride Flag": "https://r74n.com/pixelflags/png/pride/progress_intersex.png",
    "Progress Pride Flag": "https://r74n.com/pixelflags/png/pride/progress.png",
    "Queer Pride Flag": "https://r74n.com/pixelflags/png/pride/queer.png",
    "Quoiromantic Pride Flag": "https://r74n.com/pixelflags/png/pride/quoiromantic.png",
    "Rainbow 1978 Pride Flag": "https://r74n.com/pixelflags/png/pride/rainbow_1978.png",
    "Rainbow Gay Pride Flag": "https://r74n.com/pixelflags/png/pride/rainbow_gay.png",
    "Rainbow Lesbian Pride Flag": "https://r74n.com/pixelflags/png/pride/rainbow_lesbian.png",
    "Rainbow Peace Pride Flag": "https://r74n.com/pixelflags/png/pride/rainbow_peace.png",
    "Rainbow POC Pride Flag": "https://r74n.com/pixelflags/png/pride/rainbow_poc.png",
    "Rainbow Pride Flag": "https://r74n.com/pixelflags/png/pride/rainbow.png",
    "Rubber Pride Flag": "https://r74n.com/pixelflags/png/pride/rubber.png",
    "Sapphic Pride Flag": "https://r74n.com/pixelflags/png/pride/sapphic.png",
    "Sappho Lesbian Pride Flag": "https://r74n.com/pixelflags/png/pride/sappho_lesbian.png",
    "Solaric Pride Flag": "https://r74n.com/pixelflags/png/pride/solaric.png",
    "South African Rainbow Pride Flag": "https://r74n.com/pixelflags/png/pride/south_african_rainbow.png",
    "Stellaric Pride Flag": "https://r74n.com/pixelflags/png/pride/stellaric.png",
    "Straight Ally Pride Flag": "https://r74n.com/pixelflags/png/pride/straight_ally.png",
    "Straight Pride Flag": "https://r74n.com/pixelflags/png/pride/straight.png",
    "Straight (2) Pride Flag": "https://r74n.com/pixelflags/png/pride/straight2.png",
    "Toric Pride Flag": "https://r74n.com/pixelflags/png/pride/toric.png",
    "Toric (2) Pride Flag": "https://r74n.com/pixelflags/png/pride/toric2.png",
    "Trans Intersex Pride Flag": "https://r74n.com/pixelflags/png/pride/trans_intersex.png",
    "Transfeminine Pride Flag": "https://r74n.com/pixelflags/png/pride/transfem.png",
    "Transgender Pride Flag": "https://r74n.com/pixelflags/png/pride/transgender.png",
    "Transmasculine Pride Flag": "https://r74n.com/pixelflags/png/pride/transmasc.png",
    "Trigender Pride Flag": "https://r74n.com/pixelflags/png/pride/trigender.png",
    "Trixic Pride Flag": "https://r74n.com/pixelflags/png/pride/trixic.png",
    "Trixic (2) Pride Flag": "https://r74n.com/pixelflags/png/pride/trixic2.png",
    "Twink Pride Flag": "https://r74n.com/pixelflags/png/pride/twink.png",
    "Two-Spirit Pride Flag": "https://r74n.com/pixelflags/png/pride/two_spirit.png",
    "Pink United Kingdom Pride Flag": "https://r74n.com/pixelflags/png/pride/united_kingdom_pink.png",
    "Victory Over Aids Pride Flag": "https://r74n.com/pixelflags/png/pride/victory_over_aids.png",
    "Xenogenders Pride Flag": "https://r74n.com/pixelflags/png/pride/xenogender.png",
    "To Pits Racing Flag": "https://r74n.com/pixelflags/png/racing/to_pits.png",
    "Black Racing Flag": "https://r74n.com/pixelflags/png/racing/black.png",
    "Blue Racing Flag": "https://r74n.com/pixelflags/png/racing/blue.png",
    "Checkered Green Racing Flag": "https://r74n.com/pixelflags/png/racing/checkered_green.png",
    "Checkered Racing Flag": "https://r74n.com/pixelflags/png/racing/checkered.png",
    "Code 60 Racing Flag": "https://r74n.com/pixelflags/png/racing/code_60.png",
    "Disqualified Racing Flag": "https://r74n.com/pixelflags/png/racing/disqualified.png",
    "Emergency Vehicle Racing Flag": "https://r74n.com/pixelflags/png/racing/emergency_vehicle.png",
    "Give Way Racing Flag": "https://r74n.com/pixelflags/png/racing/give_way.png",
    "Green Racing Flag": "https://r74n.com/pixelflags/png/racing/green.png",
    "Red Racing Flag": "https://r74n.com/pixelflags/png/racing/red.png",
    "Surface Racing Flag": "https://r74n.com/pixelflags/png/racing/surface.png",
    "Unsportsmanlike Racing Flag": "https://r74n.com/pixelflags/png/racing/unsportsmanlike.png",
    "White Racing Flag": "https://r74n.com/pixelflags/png/racing/white.png",
    "Yellow Racing Flag": "https://r74n.com/pixelflags/png/racing/yellow.png",
    "Maritime A Flag": "https://r74n.com/pixelflags/png/maritime/a.png",
    "Maritime B Flag": "https://r74n.com/pixelflags/png/maritime/b.png",
    "Maritime C Flag": "https://r74n.com/pixelflags/png/maritime/c.png",
    "Maritime D Flag": "https://r74n.com/pixelflags/png/maritime/d.png",
    "Maritime E Flag": "https://r74n.com/pixelflags/png/maritime/e.png",
    "Maritime F Flag": "https://r74n.com/pixelflags/png/maritime/f.png",
    "Maritime G Flag": "https://r74n.com/pixelflags/png/maritime/g.png",
    "Maritime H Flag": "https://r74n.com/pixelflags/png/maritime/h.png",
    "Maritime I Flag": "https://r74n.com/pixelflags/png/maritime/i.png",
    "Maritime J Flag": "https://r74n.com/pixelflags/png/maritime/j.png",
    "Maritime K Flag": "https://r74n.com/pixelflags/png/maritime/k.png",
    "Maritime L Flag": "https://r74n.com/pixelflags/png/maritime/l.png",
    "Maritime M Flag": "https://r74n.com/pixelflags/png/maritime/m.png",
    "Maritime N Flag": "https://r74n.com/pixelflags/png/maritime/n.png",
    "Maritime O Flag": "https://r74n.com/pixelflags/png/maritime/o.png",
    "Maritime P Flag": "https://r74n.com/pixelflags/png/maritime/p.png",
    "Maritime Q Flag": "https://r74n.com/pixelflags/png/maritime/q.png",
    "Maritime R Flag": "https://r74n.com/pixelflags/png/maritime/r.png",
    "Maritime S Flag": "https://r74n.com/pixelflags/png/maritime/s.png",
    "Maritime T Flag": "https://r74n.com/pixelflags/png/maritime/t.png",
    "Maritime U Flag": "https://r74n.com/pixelflags/png/maritime/u.png",
    "Maritime V Flag": "https://r74n.com/pixelflags/png/maritime/v.png",
    "Maritime W Flag": "https://r74n.com/pixelflags/png/maritime/w.png",
    "Maritime X Flag": "https://r74n.com/pixelflags/png/maritime/x.png",
    "Maritime Y Flag": "https://r74n.com/pixelflags/png/maritime/y.png",
    "Maritime Z Flag": "https://r74n.com/pixelflags/png/maritime/z.png",
    "Maritime 0 Flag": "https://r74n.com/pixelflags/png/maritime/0.png",
    "Maritime 1 Flag": "https://r74n.com/pixelflags/png/maritime/1.png",
    "Maritime 2 Flag": "https://r74n.com/pixelflags/png/maritime/2.png",
    "Maritime 3 Flag": "https://r74n.com/pixelflags/png/maritime/3.png",
    "Maritime 4 Flag": "https://r74n.com/pixelflags/png/maritime/4.png",
    "Maritime 5 Flag": "https://r74n.com/pixelflags/png/maritime/5.png",
    "Maritime 6 Flag": "https://r74n.com/pixelflags/png/maritime/6.png",
    "Maritime 7 Flag": "https://r74n.com/pixelflags/png/maritime/7.png",
    "Maritime 8 Flag": "https://r74n.com/pixelflags/png/maritime/8.png",
    "Maritime 9 Flag": "https://r74n.com/pixelflags/png/maritime/9.png",
    "Antarctica (True South) Flag": "https://r74n.com/pixelflags/png/misc/antarctica_true_south.png",
    "Antarctica": "https://r74n.com/pixelflags/png/misc/antarctica.png",
    "Autism Flag": "https://r74n.com/pixelflags/png/misc/autism.png",
    "Bajookieland Flag": "https://r74n.com/pixelflags/png/misc/bajookieland.png",
    "Beach Warning Flag": "https://r74n.com/pixelflags/png/misc/beach_warning.png",
    "Black-American Heritage Flag": "https://r74n.com/pixelflags/png/misc/black_american_heritage.png",
    "Buddhism Flag": "https://r74n.com/pixelflags/png/misc/buddhism.png",
    "Christian Flag": "https://r74n.com/pixelflags/png/misc/christian.png",
    "Disabilities Flag": "https://r74n.com/pixelflags/png/misc/disability.png",
    "Earth": "https://r74n.com/pixelflags/png/misc/earth.png",
    "English Flag": "https://r74n.com/pixelflags/png/misc/english.png",
    "Esperanto Flag": "https://r74n.com/pixelflags/png/misc/esperanto.png",
    "Fishery Inspection Flag": "https://r74n.com/pixelflags/png/misc/fishery_inspection.png",
    "Free Speech Flag": "https://r74n.com/pixelflags/png/misc/free_speech.png",
    "Green Triangle Flag": "https://r74n.com/pixelflags/png/misc/green_triangle.png",
    "Juneteenth Flag": "https://r74n.com/pixelflags/png/misc/juneteenth.png",
    "Mars": "https://r74n.com/pixelflags/png/misc/mars.png",
    "McDonald's (Guantanamo Bay) Flag": "https://r74n.com/pixelflags/png/misc/mcdonalds.png",
    "Mikiana Flag": "https://r74n.com/pixelflags/png/misc/mikiana.png",
    "No Watercrafts Flag": "https://r74n.com/pixelflags/png/misc/no_watercrafts.png",
    "Offshore Winds Flag": "https://r74n.com/pixelflags/png/misc/offshore_winds.png",
    "Olympics Flag": "https://r74n.com/pixelflags/png/misc/olympics.png",
    "OPEN Flag": "https://r74n.com/pixelflags/png/misc/open.png",
    "Pan-African Flag": "https://r74n.com/pixelflags/png/misc/pan_african.png",
    "Peace (Blue) Flag": "https://r74n.com/pixelflags/png/misc/peace_blue.png",
    "Peace Flag": "https://r74n.com/pixelflags/png/misc/peace.png",
    "Pirate Flag": "https://r74n.com/pixelflags/png/misc/pirate.png",
    "r/vexillology Flag": "https://r74n.com/pixelflags/png/misc/r_vexillology.png",
    "R74n Flag": "https://r74n.com/pixelflags/png/misc/R74n.png",
    "Red Heart Flag": "https://r74n.com/pixelflags/png/misc/red_heart.png",
    "Red Triangle Flag": "https://r74n.com/pixelflags/png/misc/red_triangle.png",
    "Romani Flag": "https://r74n.com/pixelflags/png/misc/romani.png",
    "Swimming Area Flag": "https://r74n.com/pixelflags/png/misc/swimming_area.png",
    "Toki Pona Flag": "https://r74n.com/pixelflags/png/misc/toki_pona.png",
    "United States (Pink Tape) Flag": "https://r74n.com/pixelflags/png/misc/united_states_pink.png",
    "Unknown Flag": "https://r74n.com/pixelflags/png/misc/unknown.png",
    "Vegan Flag": "https://r74n.com/pixelflags/png/misc/vegan.png",
    "Watercraft Area Flag": "https://r74n.com/pixelflags/png/misc/watercraft_area.png",
    "World Health Organization (WHO) Flag": "https://r74n.com/pixelflags/png/misc/world_health_organization.png",
    "Red Flag": "https://r74n.com/pixelflags/png/misc/red.png",
    "Red-Orange Flag": "https://r74n.com/pixelflags/png/misc/red_orange.png",
    "Orange Flag": "https://r74n.com/pixelflags/png/misc/orange.png",
    "Yellow Flag": "https://r74n.com/pixelflags/png/misc/yellow.png",
    "Green Flag": "https://r74n.com/pixelflags/png/misc/green.png",
    "Lime Flag": "https://r74n.com/pixelflags/png/misc/lime.png",
    "Light Blue Flag": "https://r74n.com/pixelflags/png/misc/light_blue.png",
    "Blue Flag": "https://r74n.com/pixelflags/png/misc/blue.png",
    "Purple Flag": "https://r74n.com/pixelflags/png/misc/purple.png",
    "Light Purple Flag": "https://r74n.com/pixelflags/png/misc/light_purple.png",
    "Pink Flag": "https://r74n.com/pixelflags/png/misc/pink.png",
    "Magenta Flag": "https://r74n.com/pixelflags/png/misc/magenta.png",
    "Black Flag": "https://r74n.com/pixelflags/png/misc/black.png",
    "Gray Flag": "https://r74n.com/pixelflags/png/misc/gray.png",
    "Light Gray Flag": "https://r74n.com/pixelflags/png/misc/light_gray.png",
    "White Flag": "https://r74n.com/pixelflags/png/misc/white.png",
    "Gold Flag": "https://r74n.com/pixelflags/png/misc/gold.png",
    "Silver Flagpole Top": "https://r74n.com/pixelflags/png/pole/silver_top.png",
    "Silver Flagpole Middle": "https://r74n.com/pixelflags/png/pole/silver_middle.png",
    "Silver Flagpole Bottom": "https://r74n.com/pixelflags/png/pole/silver_bottom.png",
    "Gold Flagpole Top": "https://r74n.com/pixelflags/png/pole/gold_top.png",
    "Gold Flagpole Middle": "https://r74n.com/pixelflags/png/pole/gold_middle.png",
    "Gold Flagpole Bottom": "https://r74n.com/pixelflags/png/pole/gold_bottom.png"
}
